icao,iata,name,city,subd,country,elevation,lat,lon,tz,lid
HESH,SSH,Sharm El Sheikh International Airport,Sharm el-Sheikh,South Sinai,EG,143.0,27.9773006439,34.3950004578,Africa/Cairo,
LLBG,TLV,Ben Gurion International Airport,Tel Aviv,Central District,IL,135.0,32.0113983154,34.8866996765,Asia/Jerusalem,
EGPH,EDI,Edinburgh Airport,Edinburgh,Scotland,GB,135.0,55.9500007629,-3.3724999428,Europe/London,
HEGN,HRG,Hurghada International Airport,Hurghada,Red-Sea,EG,52.0,27.1783008575,33.7994003296,Africa/Cairo,
HEMA,RMF,Marsa Alam International Airport,Marsa Alam,Red-Sea,EG,251.0,25.557100296,34.5836982727,Africa/Cairo,
GCRR,ACE,Lanzarote Airport,Lanzarote Island,Canary-Islands,ES,46.0,28.9454994202,-13.6051998138,Atlantic/Canary,
GCTS,TFS,Tenerife South Airport,Tenerife Island,Canary-Islands,ES,209.0,28.044500351,-16.5725002289,Atlantic/Canary,
GCLP,LPA,Gran Canaria Airport,Gran Canaria Island,Canary-Islands,ES,78.0,27.9319000244,-15.3865995407,Atlantic/Canary,
LBSF,SOF,Sofia Airport,Sofia,Sofia-Capital,BG,1742.0,42.6966934204,23.4114360809,Europe/Sofia,
LIRN,NAP,Napoli / Capodichino International Airport,Napoli,Campania,IT,294.0,40.8860015869,14.2908000946,Europe/Rome,
GMMX,RAK,Menara Airport,Marrakech,Marrakesh-Safi,MA,1545.0,31.6068992615,-8.0362997055,Africa/Casablanca,
LIRF,FCO,Leonardo Da Vinci (Fiumicino) International Airport,Rome,Latium,IT,15.0,41.8045005798,12.2508001328,Europe/Rome,
EGGD,BRS,Bristol International Airport,Bristol,England,GB,622.0,51.3827018738,-2.7190899849,Europe/London,
LMML,MLA,Luqa Airport,Luqa,Luqa,MT,300.0,35.857498,14.4775,Europe/Malta,
LGAV,ATH,Eleftherios Venizelos International Airport,Athens,Attica,GR,308.0,37.9364013672,23.9444999695,Europe/Athens,
DNTZ,NBE,Enfidha Zine El Abidine Ben Ali International Airport,Enfidha,Susah,TN,21.0,36.075833,10.438611,Africa/Tunis,
LEZL,SVQ,Sevilla Airport,Sevilla,Andalusia,ES,112.0,37.4179992676,-5.8931097984,Europe/Madrid,
EPKK,KRK,John Paul II International Airport Kraków-Balice Airport,Kraków,Lesser-Poland-Voivodeship,PL,791.0,50.0777015686,19.7847995758,Europe/Warsaw,
LPMA,FNC,Madeira Airport,Funchal,Madeira,PT,192.0,32.6978988647,-16.7744998932,Europe/Lisbon,
LIML,LIN,Linate Airport,Milan,Lombardy,IT,353.0,45.445098877,9.2767400742,Europe/Rome,
LTAI,AYT,Antalya International Airport,Antalya,Antalya,TR,177.0,36.8987007141,30.8005008698,Europe/Istanbul,
EHAM,AMS,Amsterdam Airport Schiphol,Amsterdam,North Holland,NL,-11.0,52.3086013794,4.7638897896,Europe/Amsterdam,
LEMD,MAD,Madrid Barajas International Airport,Madrid,Madrid,ES,2001.0,40.4936,-3.56676,Europe/Madrid,
LFPO,ORY,Paris-Orly Airport,Paris,Ile-de-France,FR,291.0,48.7252998352,2.3594400883,Europe/Paris,
BIKF,KEF,Keflavik International Airport,Reykjavik,Southern Peninsula,IS,171.0,63.9850006104,-22.6056003571,Atlantic/Reykjavik,
EGKK,LGW,London Gatwick Airport,London,England,GB,202.0,51.1481018066,-0.1902779937,Europe/London,
LIPZ,VCE,Venezia / Tessera -  Marco Polo Airport,Venezia,Veneto,IT,7.0,45.5052986145,12.3519001007,Europe/Rome,
LEMG,AGP,Malaga Airport,Malaga,Andalusia,ES,53.0,36.6749000549,-4.4991102219,Europe/Madrid,
EKCH,CPH,Copenhagen Kastrup Airport,Copenhagen,Capital-Region,DK,17.0,55.6179008484,12.6560001373,Europe/Copenhagen,
GMAD,AGA,Al Massira Airport,Agadir,Souss-Massa,MA,250.0,30.3250007629,-9.413069725,Africa/Casablanca,
LPPT,LIS,Lisbon Portela Airport,Lisbon,Lisbon,PT,374.0,38.7812995911,-9.1359195709,Europe/Lisbon,
LHBP,BUD,Budapest Liszt Ferenc International Airport,Budapest,Budapest,HU,495.0,47.4369010925,19.2555999756,Europe/Budapest,
LYPR,PRN,Pristina International Airport,Prishtina,Pristina,XK,1789.0,42.5727996826,21.0358009338,Europe/Belgrade,
LCLK,LCA,Larnaca International Airport,Larnarca,Larnaka,CY,8.0,34.8750991821,33.6249008179,Asia/Nicosia,
LPPR,OPO,Francisco de Sa Carneiro Airport,Porto,Porto,PT,228.0,41.2481002808,-8.6813898087,Europe/Lisbon,
LSGG,GVA,Geneva Cointrin International Airport,Geneva,Geneva,CH,1411.0,46.2380981445,6.1089501381,Europe/Zurich,
LIMC,MXP,Malpensa International Airport,Milan,Lombardy,IT,768.0,45.6305999756,8.7281103134,Europe/Rome,
GCFV,FUE,Fuerteventura Airport,Fuerteventura Island,Canary-Islands,ES,85.0,28.4526996613,-13.8638000488,Atlantic/Canary,
EDDB,BER,Berlin Brandenburg Airport,Berlin,Brandenburg,DE,156.0,52.362167,13.500667,Europe/Berlin,
EGCC,MAN,Manchester Airport,Manchester,England,GB,257.0,53.3536987305,-2.2749500275,Europe/London,
LFMN,NCE,Nice-Cote d'Azur Airport,Nice,Provence-Alpes-Cote-d'Azur,FR,12.0,43.6584014893,7.2158699036,Europe/Paris,
LEBL,BCN,Barcelona International Airport,Barcelona,Catalonia,ES,12.0,41.2971000671,2.0784599781,Europe/Madrid,
LEAL,ALC,Alicante International Airport,Alicante,Valencia,ES,142.0,38.2821998596,-0.5581560135,Europe/Madrid,
LKPR,PRG,Ruzyne International Airport,Prague,Praha,CZ,1247.0,50.1007995605,14.2600002289,Europe/Prague,
EDDM,MUC,Munich International Airport,Munich,Bayern,DE,1487.0,48.3538017273,11.7861003876,Europe/Berlin,
EGNS,IOM,Isle of Man Airport,Castletown,Castletown,IM,52.0,54.0833015442,-4.6238899231,Europe/Isle_of_Man,
LFLL,LYS,Lyon Saint-Exupery Airport,Lyon,Auvergne-Rhone-Alpes,FR,821.0,45.726398468,5.0908298492,Europe/Paris,
EBBR,BRU,Brussels Airport,Brussels,Flanders,BE,184.0,50.9014015198,4.4844398499,Europe/Brussels,
LFPG,CDG,Charles de Gaulle International Airport,Paris,Ile-de-France,FR,392.0,49.0127983093,2.5499999523,Europe/Paris,
LSZH,ZRH,Zurich Airport,Zurich,Zurich,CH,1416.0,47.4646987915,8.5491695404,Europe/Zurich,
LICC,CTA,Catania / Fontanarossa Airport,Catania,Sicily,IT,39.0,37.4668006897,15.0663995743,Europe/Rome,
EGBB,BHX,Birmingham International Airport,Birmingham,England,GB,327.0,52.4538993835,-1.7480299473,Europe/London,
EDDH,HAM,Hamburg Airport,Hamburg,Hamburg,DE,53.0,53.6304016113,9.9882297516,Europe/Berlin,
LFBO,TLS,Toulouse-Blagnac Airport,Toulouse/Blagnac,Occitanie,FR,499.0,43.6291007996,1.3638199568,Europe/Paris,
EGAA,BFS,Belfast International Airport,Belfast,Northern Ireland,GB,268.0,54.6575012207,-6.2158298492,Europe/London,
EGSS,STN,London Stansted Airport,London,England,GB,348.0,51.8849983215,0.2349999994,Europe/London,
LEPA,PMI,Palma De Mallorca Airport,Palma De Mallorca,Balearic-Islands,ES,27.0,39.551700592,2.7388100624,Europe/Madrid,
LFSB,BSL,EuroAirport Basel-Mulhouse-Freiburg Airport,Bale/Mulhouse,Grand Est,FR,885.0,47.5895996094,7.5299100876,Europe/Paris,
LPFR,FAO,Faro Airport,Faro,Faro,PT,24.0,37.0144004822,-7.9659099579,Europe/Lisbon,
LEVC,VLC,Valencia Airport,Valencia,Valencia,ES,240.0,39.4892997742,-0.4816249907,Europe/Madrid,
EGNT,NCL,Newcastle Airport,Newcastle,England,GB,266.0,55.0374984741,-1.6916699409,Europe/London,
ELLX,LUX,Luxembourg-Findel International Airport,Luxembourg,Luxembourg,LU,1234.0,49.6265983582,6.211520195,Europe/Luxembourg,
LFRS,NTE,Nantes Atlantique Airport,Nantes,Pays-de-la-Loire,FR,90.0,47.1531982422,-1.610730052,Europe/Paris,
LFBD,BOD,Bordeaux-Merignac (BA 106) Airport,Bordeaux/Merignac,Nouvelle-Aquitaine,FR,162.0,44.8283004761,-0.7155560255,Europe/Paris,
LFML,MRS,Marseille Provence Airport,Marseille,Provence-Alpes-Cote-d'Azur,FR,74.0,43.439271922,5.2214241028,Europe/Paris,
EGGW,LTN,London Luton Airport,London,England,GB,526.0,51.8746986389,-0.3683330119,Europe/London,
